Line#,Date,"Solar Radiation (S-LIB 10455351:10444880-1), W/m^2, Pyranometer 1","Temperature (S-TMB 10455351:10138775-1), *C","Current (91-U30-CVIA 10455351:10417917-2), mA","Voltage (91-U30-CVIA 10455351:10417917-1), V","Battery (U30 BATTERY 10455351:10455351-B), V"
1,06/12/14 11:50:00,774,,0.000,-0.199,4.50
2,06/12/14 11:51:00,776,,0.000,-0.199,4.51
3,06/12/14 11:52:00,774,,0.000,-0.199,4.51
4,06/12/14 11:53:00,778,,0.000,-0.199,4.51
5,06/12/14 11:54:00,779,,0.000,-0.199,4.51
6,06/12/14 11:55:00,779,,0.000,-0.199,4.51
7,06/12/14 11:56:00,779,,0.000,-0.199,4.51
8,06/12/14 11:57:00,784,,0.000,-0.199,4.52
9,06/12/14 11:58:00,786,,0.000,-0.199,4.50
10,06/12/14 11:59:00,786,,0.000,-0.199,4.51
11,06/12/14 12:00:00,781,,0.000,-0.199,4.51
12,06/12/14 12:01:00,778,,0.000,-0.199,4.51
13,06/12/14 12:02:00,787,,0.000,-0.199,4.51
14,06/12/14 12:03:00,789,,0.000,-0.199,4.51
15,06/12/14 12:04:00,789,,0.000,-0.199,4.51
16,06/12/14 12:05:00,794,,0.000,-0.199,4.51
17,06/12/14 12:06:00,798,,0.000,-0.199,4.51
18,06/12/14 12:07:00,798,,0.000,-0.199,4.51
19,06/12/14 12:08:00,802,,0.000,-0.199,4.50
20,06/12/14 12:09:00,801,,0.000,-0.199,4.51
21,06/12/14 12:10:00,802,,0.000,-0.199,4.51
22,06/12/14 12:11:00,802,,0.000,-0.199,4.51
23,06/12/14 12:12:00,804,,0.000,-0.199,4.51
24,06/12/14 12:13:00,806,,0.000,-0.199,4.51
25,06/12/14 12:14:00,807,,0.000,-0.199,4.51
26,06/12/14 12:15:00,811,,0.000,-0.199,4.51
27,06/12/14 12:16:00,813,,0.000,-0.199,4.51
28,06/12/14 12:17:00,811,,0.000,-0.199,4.51
29,06/12/14 12:18:00,812,,0.000,-0.199,4.50
30,06/12/14 12:19:00,819,,0.000,-0.199,4.51
31,06/12/14 12:20:00,822,,0.000,-0.199,4.51
32,06/12/14 12:21:00,829,,0.000,-0.199,4.51
33,06/12/14 12:22:00,834,,0.000,-0.199,4.51
34,06/12/14 12:23:00,838,,0.000,-0.199,4.51
35,06/12/14 12:24:00,842,,0.000,-0.199,4.51
36,06/12/14 12:25:00,847,,0.000,-0.199,4.51
37,06/12/14 12:26:00,843,,0.000,-0.199,4.51
38,06/12/14 12:27:00,838,,0.000,-0.199,4.54
39,06/12/14 12:28:00,841,,0.000,-0.199,4.50
40,06/12/14 12:29:00,842,,0.000,-0.199,4.51
41,06/12/14 12:30:00,841,,0.000,-0.199,4.51
42,06/12/14 12:31:00,852,,0.000,-0.199,4.51
43,06/12/14 12:32:00,866,,0.000,-0.199,4.51
44,06/12/14 12:33:00,866,,0.000,-0.199,4.51
45,06/12/14 12:34:00,544,,0.000,-0.199,4.51
46,06/12/14 12:35:00,863,,0.000,-0.199,4.51
47,06/12/14 12:36:00,853,,0.000,-0.199,4.51
48,06/12/14 12:37:00,861,,0.000,-0.199,4.51
49,06/12/14 12:38:00,861,,0.000,-0.199,4.49
50,06/12/14 12:39:00,817,,0.000,-0.199,4.51
51,06/12/14 12:40:00,511,,0.000,-0.199,4.51
52,06/12/14 12:41:00,868,,0.000,-0.199,4.51
53,06/12/14 12:42:00,884,,0.000,-0.199,4.51
54,06/12/14 12:43:00,803,,0.000,-0.199,4.51
55,06/12/14 12:44:00,236,,0.000,-0.199,4.51
56,06/12/14 12:45:00,894,,0.000,-0.199,4.51
57,06/12/14 12:46:00,901,,0.000,-0.199,4.51
58,06/12/14 12:47:00,913,,0.000,-0.199,4.51
59,06/12/14 12:48:00,378,,0.000,-0.199,4.49
60,06/12/14 12:49:00,907,,0.000,-0.199,4.50
61,06/12/14 12:50:00,902,,0.000,-0.199,4.51
62,06/12/14 12:51:00,914,,0.000,-0.199,4.51
63,06/12/14 12:52:00,927,,0.000,-0.199,4.51
64,06/12/14 12:53:00,938,,0.000,-0.199,4.51
65,06/12/14 12:54:00,229,,0.000,-0.199,4.51
66,06/12/14 12:55:00,198,,0.000,-0.199,4.51
67,06/12/14 12:56:00,939,,0.000,-0.199,4.51
68,06/12/14 12:57:00,892,,0.000,-0.199,4.51
69,06/12/14 12:58:00,933,,0.000,-0.199,4.50
70,06/12/14 12:59:00,968,,0.000,-0.199,4.50
71,06/12/14 13:00:00,622,,0.000,-0.199,4.50
72,06/12/14 13:01:00,943,,0.000,-0.199,4.51
73,06/12/14 13:02:00,957,,0.000,-0.199,4.51
74,06/12/14 13:03:00,956,,0.000,-0.199,4.51
75,06/12/14 13:04:00,903,,0.000,-0.199,4.51
76,06/12/14 13:05:00,227,,0.000,-0.199,4.51
77,06/12/14 13:06:00,221,,0.000,-0.199,4.54
78,06/12/14 13:07:00,921,,0.000,-0.199,4.54
79,06/12/14 13:08:00,254,,0.000,-0.199,4.51
80,06/12/14 13:09:00,941,,0.000,-0.199,4.50
81,06/12/14 13:10:00,286,,0.000,-0.199,4.51
82,06/12/14 13:11:00,231,,0.000,-0.199,4.51
83,06/12/14 13:12:00,892,,0.000,-0.199,4.51
84,06/12/14 13:13:00,842,,0.000,-0.199,4.51
85,06/12/14 13:14:00,939,,0.000,-0.199,4.51
86,06/12/14 13:15:00,969,,0.000,-0.199,4.51
87,06/12/14 13:16:00,966,,0.000,-0.199,4.51
88,06/12/14 13:17:00,252,,0.000,-0.199,4.51
89,06/12/14 13:18:00,934,,0.000,-0.199,4.51
90,06/12/14 13:19:00,312,,0.000,-0.199,4.49
91,06/12/14 13:20:00,272,,0.000,-0.199,4.50
92,06/12/14 13:21:00,272,,0.000,-0.199,4.51
93,06/12/14 13:22:00,258,,0.000,-0.199,4.51
94,06/12/14 13:23:00,967,,0.000,-0.199,4.51
95,06/12/14 13:24:00,286,,0.000,-0.199,4.51
96,06/12/14 13:25:00,236,,0.000,-0.199,4.51
97,06/12/14 13:26:00,922,,0.000,-0.199,4.51
98,06/12/14 13:27:00,933,,0.000,-0.199,4.51
99,06/12/14 13:28:00,938,,0.000,-0.199,4.44
100,06/12/14 13:29:00,929,,0.000,-0.199,4.48
101,06/12/14 13:30:00,932,,0.000,-0.199,4.50
102,06/12/14 13:31:00,927,,0.000,-0.199,4.51
103,06/12/14 13:32:00,942,,0.000,-0.199,4.51
104,06/12/14 13:33:00,953,,0.000,-0.199,4.51
105,06/12/14 13:34:00,959,,0.000,-0.199,4.51
106,06/12/14 13:35:00,939,,0.000,-0.199,4.51
107,06/12/14 13:36:00,259,,0.000,-0.199,4.51
108,06/12/14 13:37:00,946,,0.000,-0.199,4.51
109,06/12/14 13:38:00,958,,0.000,-0.199,4.51
110,06/12/14 13:39:00,811,,0.000,-0.199,4.51
111,06/12/14 13:40:00,328,,0.000,-0.199,4.50
112,06/12/14 13:41:00,249,,0.000,-0.199,4.51
113,06/12/14 13:42:00,241,,0.000,-0.199,4.51
114,06/12/14 13:43:00,249,,0.000,-0.199,4.51
115,06/12/14 13:44:00,699,,0.000,-0.199,4.51
116,06/12/14 13:45:00,969,,0.000,-0.199,4.51
117,06/12/14 13:46:00,228,,0.000,-0.199,4.51
118,06/12/14 13:47:00,204,,0.000,-0.199,4.51
119,06/12/14 13:48:00,202,,0.000,-0.199,4.51
120,06/12/14 13:49:00,202,,0.000,-0.199,4.51
121,06/12/14 13:50:00,957,,0.000,-0.199,4.48
122,06/12/14 13:51:00,948,,0.000,-0.199,4.50
123,06/12/14 13:52:00,953,,0.000,-0.199,4.51
124,06/12/14 13:53:00,936,,0.000,-0.199,4.51
125,06/12/14 13:54:00,957,,0.000,-0.199,4.51
126,06/12/14 13:55:00,934,,0.000,-0.199,4.51
127,06/12/14 13:56:00,971,,0.000,-0.199,4.51
128,06/12/14 13:57:00,969,,0.000,-0.199,4.51
129,06/12/14 13:58:00,942,,0.000,-0.199,4.51
130,06/12/14 13:59:00,983,,0.000,-0.199,4.51
131,06/12/14 14:00:00,262,,0.000,-0.199,4.44
132,06/12/14 14:01:00,467,,0.000,-0.199,4.50
133,06/12/14 14:02:00,982,,0.000,-0.199,4.51
134,06/12/14 14:03:00,972,,0.000,-0.199,4.51
135,06/12/14 14:04:00,961,,0.000,-0.199,4.51
136,06/12/14 14:05:00,956,,0.000,-0.199,4.51
137,06/12/14 14:06:00,953,,0.000,-0.199,4.51
138,06/12/14 14:07:00,964,,0.000,-0.199,4.51
139,06/12/14 14:08:00,969,,0.000,-0.199,4.51
140,06/12/14 14:09:00,961,,0.000,-0.199,4.51
141,06/12/14 14:10:00,982,,0.000,-0.199,4.44
142,06/12/14 14:11:00,"1,001",,0.000,-0.199,4.48
143,06/12/14 14:12:00,"1,002",,0.000,-0.199,4.50
144,06/12/14 14:13:00,994,,0.000,-0.199,4.51
145,06/12/14 14:14:00,309,,0.000,-0.199,4.51
146,06/12/14 14:15:00,263,,0.000,-0.199,4.51
147,06/12/14 14:16:00,257,,0.000,-0.199,4.51
148,06/12/14 14:17:00,272,,0.000,-0.199,4.51
149,06/12/14 14:18:00,261,,0.000,-0.199,4.51
150,06/12/14 14:19:00,826,,0.000,-0.199,4.51
151,06/12/14 14:20:00,907,,0.000,-0.199,4.51
152,06/12/14 14:21:00,968,,0.000,-0.199,4.53
153,06/12/14 14:22:00,978,,0.000,-0.199,4.49
154,06/12/14 14:23:00,937,,0.000,-0.199,4.50
155,06/12/14 14:24:00,483,,0.000,-0.199,4.51
156,06/12/14 14:25:00,246,,0.000,-0.199,4.51
157,06/12/14 14:26:00,243,,0.000,-0.199,4.51
158,06/12/14 14:27:00,929,,0.000,-0.199,4.51
159,06/12/14 14:28:00,954,,0.000,-0.199,4.51
160,06/12/14 14:29:00,927,,0.000,-0.199,4.51
161,06/12/14 14:30:00,319,,0.000,-0.199,4.51
162,06/12/14 14:31:00,949,,0.000,-0.199,4.51
163,06/12/14 14:32:00,933,,0.000,-0.199,4.48
164,06/12/14 14:33:00,914,,0.000,-0.199,4.50
165,06/12/14 14:34:00,314,,0.000,-0.199,4.51
166,06/12/14 14:35:00,747,,0.000,-0.199,4.51
167,06/12/14 14:36:00,713,,0.000,-0.199,4.51
168,06/12/14 14:37:00,893,,0.000,-0.199,4.54
169,06/12/14 14:38:00,891,,0.000,-0.199,4.51
170,06/12/14 14:39:00,878,,0.000,-0.199,4.51
171,06/12/14 14:40:00,928,,0.000,-0.199,4.51
172,06/12/14 14:41:00,934,,0.000,-0.199,4.51
173,06/12/14 14:42:00,947,,0.000,-0.199,4.44
174,06/12/14 14:43:00,943,,0.000,-0.199,4.49
175,06/12/14 14:44:00,939,,0.000,-0.199,4.51
176,06/12/14 14:45:00,941,,0.000,-0.199,4.51
177,06/12/14 14:46:00,811,,0.000,-0.199,4.51
178,06/12/14 14:47:00,877,,0.000,-0.199,4.51
179,06/12/14 14:48:00,953,,0.000,-0.199,4.51
180,06/12/14 14:49:00,909,,0.000,-0.199,4.51
181,06/12/14 14:50:00,918,,0.000,-0.199,4.51
182,06/12/14 14:51:00,897,,0.000,-0.199,4.51
183,06/12/14 14:52:00,908,,0.000,-0.199,4.51
184,06/12/14 14:53:00,926,,0.000,-0.199,4.51
185,06/12/14 14:54:00,728,,0.000,-0.199,4.50
186,06/12/14 14:55:00,924,,0.000,-0.199,4.51
187,06/12/14 14:56:00,891,,0.000,-0.199,4.51
188,06/12/14 14:57:00,867,,0.000,-0.199,4.51
189,06/12/14 14:58:00,862,,0.000,-0.199,4.51
190,06/12/14 14:59:00,227,,0.000,-0.199,4.51
191,06/12/14 15:00:00,266,,0.000,-0.199,4.51
192,06/12/14 15:01:00,186,,0.000,-0.199,4.51
193,06/12/14 15:02:00,188,,0.000,-0.199,4.51
194,06/12/14 15:03:00,206,,0.000,-0.199,4.51
195,06/12/14 15:04:00,889,,0.000,-0.199,4.48
196,06/12/14 15:05:00,894,,0.000,-0.199,4.50
197,06/12/14 15:06:00,849,,0.000,-0.199,4.51
198,06/12/14 15:07:00,718,,0.000,-0.199,4.51
199,06/12/14 15:08:00,854,,0.000,-0.199,4.51
200,06/12/14 15:09:00,897,,0.000,-0.199,4.51
201,06/12/14 15:10:00,923,,0.000,-0.199,4.51
202,06/12/14 15:11:00,926,,0.000,-0.199,4.51
203,06/12/14 15:12:00,916,,0.000,-0.199,4.51
204,06/12/14 15:13:00,253,,0.000,-0.199,4.51
205,06/12/14 15:14:00,229,,0.000,-0.199,4.44
206,06/12/14 15:15:00,223,,0.000,-0.199,4.49
207,06/12/14 15:16:00,378,,0.000,-0.199,4.50
208,06/12/14 15:17:00,792,,0.000,-0.199,4.51
209,06/12/14 15:18:00,827,,0.000,-0.199,4.51
210,06/12/14 15:19:00,823,,0.000,-0.199,4.51
211,06/12/14 15:20:00,824,,0.000,-0.199,4.51
212,06/12/14 15:21:00,821,,0.000,-0.199,4.51
213,06/12/14 15:22:00,818,,0.000,-0.199,4.51
214,06/12/14 15:23:00,822,,0.000,-0.199,4.51
215,06/12/14 15:24:00,822,,0.000,-0.199,4.51
216,06/12/14 15:25:00,817,,0.000,-0.199,4.53
217,06/12/14 15:26:00,811,,0.000,-0.199,4.49
218,06/12/14 15:27:00,808,,0.000,-0.199,4.50
219,06/12/14 15:28:00,803,,0.000,-0.199,4.51
220,06/12/14 15:29:00,802,,0.000,-0.199,4.51
221,06/12/14 15:30:00,799,,0.000,-0.199,4.51
222,06/12/14 15:31:00,796,,0.000,-0.199,4.51
223,06/12/14 15:32:00,791,,0.000,-0.199,4.51
224,06/12/14 15:33:00,791,,0.000,-0.199,4.51
225,06/12/14 15:34:00,787,,0.000,-0.199,4.51
226,06/12/14 15:35:00,782,,0.000,-0.199,4.51
227,06/12/14 15:36:00,777,,0.000,-0.199,4.44
228,06/12/14 15:37:00,778,,0.000,-0.199,4.50
229,06/12/14 15:38:00,779,,0.000,-0.199,4.51
230,06/12/14 15:39:00,777,,0.000,-0.199,4.51
231,06/12/14 15:40:00,783,,0.000,-0.199,4.51
232,06/12/14 15:41:00,786,,0.000,-0.199,4.51
233,06/12/14 15:42:00,787,,0.000,-0.199,4.51
234,06/12/14 15:43:00,787,,0.000,-0.199,4.51
235,06/12/14 15:44:00,786,,0.000,-0.199,4.51
236,06/12/14 15:45:00,786,,0.000,-0.199,4.51
237,06/12/14 15:46:00,782,,0.000,-0.199,4.44
238,06/12/14 15:47:00,786,,0.000,-0.199,4.48
239,06/12/14 15:48:00,781,,0.000,-0.199,4.50
240,06/12/14 15:49:00,776,,0.000,-0.199,4.51
241,06/12/14 15:50:00,779,,0.000,-0.199,4.51
242,06/12/14 15:51:00,786,,0.000,-0.199,4.51
243,06/12/14 15:52:00,789,,0.000,-0.199,4.51
244,06/12/14 15:53:00,791,,0.000,-0.199,4.51
245,06/12/14 15:54:00,787,,0.000,-0.199,4.51
246,06/12/14 15:55:00,777,,0.000,-0.199,4.51
247,06/12/14 15:56:00,766,,0.000,-0.199,4.51
248,06/12/14 15:57:00,766,,0.000,-0.199,4.51
249,06/12/14 15:58:00,774,,0.000,-0.199,4.48
250,06/12/14 15:59:00,774,,0.000,-0.199,4.50
251,06/12/14 16:00:00,777,,0.000,-0.199,4.51
252,06/12/14 16:01:00,784,,0.000,-0.199,4.51
253,06/12/14 16:02:00,787,,0.000,-0.199,4.51
254,06/12/14 16:03:00,789,,0.000,-0.199,4.51
255,06/12/14 16:04:00,791,,0.000,-0.199,4.51
256,06/12/14 16:05:00,792,,0.000,-0.199,4.51
257,06/12/14 16:06:00,796,,0.000,-0.199,4.51
258,06/12/14 16:07:00,791,,0.000,-0.199,4.51
259,06/12/14 16:08:00,789,,0.000,-0.199,4.54
260,06/12/14 16:09:00,818,,0.000,-0.199,4.48
261,06/12/14 16:10:00,836,,0.000,-0.199,4.52
262,06/12/14 16:11:00,842,,0.000,-0.199,4.51
263,06/12/14 16:12:00,834,,0.000,-0.199,4.51
264,06/12/14 16:13:00,826,,0.000,-0.199,4.51
265,06/12/14 16:14:00,797,,0.000,-0.199,4.51
266,06/12/14 16:15:00,744,,0.000,-0.199,4.51
267,06/12/14 16:16:00,541,,0.000,-0.199,4.51
268,06/12/14 16:17:00,233,,0.000,-0.199,4.51
269,06/12/14 16:18:00,208,,0.000,-0.199,4.51
270,06/12/14 16:19:00,186,,0.000,-0.199,4.51
271,06/12/14 16:20:00,171,,0.000,-0.199,4.49
272,06/12/14 16:21:00,159,,0.000,-0.199,4.50
273,06/12/14 16:22:00,153,,0.000,-0.199,4.51
274,06/12/14 16:23:00,151,,0.000,-0.199,4.51
275,06/12/14 16:24:00,149,,0.000,-0.199,4.51
276,06/12/14 16:25:00,147,,0.000,-0.199,4.51
277,06/12/14 16:26:00,139,,0.000,-0.199,4.51
278,06/12/14 16:27:00,128,,0.000,-0.199,4.51
279,06/12/14 16:28:00,118,,0.000,-0.199,4.51
280,06/12/14 16:29:00,107,,0.000,-0.199,4.51
281,06/12/14 16:30:00,97,,0.000,-0.199,4.44
282,06/12/14 16:31:00,92,,0.000,-0.199,4.48
283,06/12/14 16:32:00,87,,0.000,-0.199,4.50
284,06/12/14 16:33:00,81,,0.000,-0.199,4.51
285,06/12/14 16:34:00,74,,0.000,-0.199,4.51
286,06/12/14 16:35:00,69,,0.000,-0.199,4.51
287,06/12/14 16:36:00,67,,0.000,-0.199,4.51
288,06/12/14 16:37:00,63,,0.000,-0.199,4.51
289,06/12/14 16:38:00,62,,0.000,-0.199,4.51
290,06/12/14 16:39:00,61,,0.000,-0.199,4.51
291,06/12/14 16:40:00,61,,0.000,-0.199,4.51
292,06/12/14 16:41:00,62,,0.000,-0.199,4.51
293,06/12/14 16:42:00,64,,0.000,-0.199,4.48
294,06/12/14 16:43:00,73,,0.000,-0.199,4.50
295,06/12/14 16:44:00,87,,0.000,-0.199,4.50
296,06/12/14 16:45:00,104,,0.000,-0.199,4.51
297,06/12/14 16:46:00,141,,0.000,-0.199,4.51
298,06/12/14 16:47:00,259,,0.000,-0.199,4.51
299,06/12/14 16:48:00,352,,0.000,-0.199,4.51
300,06/12/14 16:49:00,686,,0.000,-0.199,4.51
301,06/12/14 16:50:00,697,,0.000,-0.199,4.51
302,06/12/14 16:51:00,736,,0.000,-0.199,4.51
303,06/12/14 16:52:00,768,,0.000,-0.199,4.51
304,06/12/14 16:53:00,778,,0.000,-0.199,4.48
305,06/12/14 16:54:00,788,,0.000,-0.199,4.48
306,06/12/14 16:55:00,799,,0.000,-0.199,4.48
307,06/12/14 16:56:00,787,,0.000,-0.199,4.50
308,06/12/14 16:57:00,783,,0.000,-0.199,4.51
309,06/12/14 16:58:00,788,,0.000,-0.199,4.51
310,06/12/14 16:59:00,786,,0.000,-0.199,4.51
311,06/12/14 17:00:00,783,,0.000,-0.199,4.51
312,06/12/14 17:01:00,781,,0.000,-0.199,4.51
313,06/12/14 17:02:00,772,,0.000,-0.199,4.53
314,06/12/14 17:03:00,766,,0.000,-0.199,4.48
315,06/12/14 17:04:00,776,,0.000,-0.199,4.48
316,06/12/14 17:05:00,787,,0.000,-0.199,4.49
317,06/12/14 17:06:00,782,,0.000,-0.199,4.50
318,06/12/14 17:07:00,782,,0.000,-0.199,4.51
319,06/12/14 17:08:00,797,,0.000,-0.199,4.51
320,06/12/14 17:09:00,781,,0.000,-0.199,4.51
321,06/12/14 17:10:00,773,,0.000,-0.199,4.51
322,06/12/14 17:11:00,763,,0.000,-0.199,4.51
323,06/12/14 17:12:00,756,,0.000,-0.199,4.51
324,06/12/14 17:13:00,539,,0.000,-0.199,4.51
325,06/12/14 17:14:00,311,,0.000,-0.199,4.51
326,06/12/14 17:15:00,298,,0.000,-0.199,4.51
327,06/12/14 17:16:00,291,,0.000,-0.199,4.51
328,06/12/14 17:17:00,284,,0.000,-0.199,4.51
329,06/12/14 17:18:00,277,,0.000,-0.199,4.51
330,06/12/14 17:19:00,269,,0.000,-0.199,4.51
331,06/12/14 17:20:00,263,,0.000,-0.199,4.51
332,06/12/14 17:21:00,254,,0.000,-0.199,4.51
333,06/12/14 17:22:00,247,,0.000,-0.199,4.49
334,06/12/14 17:23:00,237,,0.000,-0.199,4.44
335,06/12/14 17:24:00,228,,0.000,-0.199,4.39
336,06/12/14 17:25:00,218,,0.000,-0.199,4.44
337,06/12/14 17:26:00,209,,0.000,-0.199,4.47
338,06/12/14 17:27:00,201,,0.000,-0.199,4.48
339,06/12/14 17:28:00,192,,0.000,-0.199,4.50
340,06/12/14 17:29:00,187,,0.000,-0.199,4.50
341,06/12/14 17:30:00,182,,0.000,-0.199,4.51
342,06/12/14 17:31:00,178,,0.000,-0.199,4.51
343,06/12/14 17:32:00,176,,0.000,-0.199,4.51
344,06/12/14 17:33:00,172,,0.000,-0.199,4.51
345,06/12/14 17:34:00,169,,0.000,-0.199,4.51
346,06/12/14 17:35:00,166,,0.000,-0.199,4.51
347,06/12/14 17:36:00,162,,0.000,-0.199,4.51
348,06/12/14 17:37:00,159,,0.000,-0.199,4.51
349,06/12/14 17:38:00,156,,0.000,-0.199,4.51
350,06/12/14 17:39:00,153,,0.000,-0.199,4.51
351,06/12/14 17:40:00,151,,0.000,-0.199,4.51
352,06/12/14 17:41:00,149,,0.000,-0.199,4.51
353,06/12/14 17:42:00,146,,0.000,-0.199,4.51
354,06/12/14 17:43:00,141,,0.000,-0.199,4.51
355,06/12/14 17:44:00,134,,0.000,-0.199,4.51
356,06/12/14 17:45:00,128,,0.000,-0.199,4.51
357,06/12/14 17:46:00,122,,0.000,-0.199,4.51
358,06/12/14 17:47:00,116,,0.000,-0.199,4.51
359,06/12/14 17:48:00,112,,0.000,-0.199,4.51
360,06/12/14 17:49:00,108,,0.000,-0.199,4.51
361,06/12/14 17:50:00,104,,0.000,-0.199,4.51
362,06/12/14 17:51:00,103,,0.000,-0.199,4.51
363,06/12/14 17:52:00,103,,0.000,-0.199,4.51
364,06/12/14 17:53:00,103,,0.000,-0.199,4.51
365,06/12/14 17:54:00,103,,0.000,-0.199,4.51
366,06/12/14 17:55:00,101,,0.000,-0.199,4.52
367,06/12/14 17:56:00,98,,0.000,-0.199,4.51
368,06/12/14 17:57:00,97,,0.000,-0.199,4.51
369,06/12/14 17:58:00,93,,0.000,-0.199,4.54
370,06/12/14 17:59:00,91,,0.000,-0.199,4.53
371,06/12/14 18:00:00,86,,0.000,-0.199,4.54
372,06/12/14 18:01:00,82,,0.000,-0.199,4.52
373,06/12/14 18:02:00,78,,0.000,-0.199,4.43
374,06/12/14 18:03:00,74,,0.000,-0.199,4.36
375,06/12/14 18:04:00,69,,0.000,-0.199,4.36
376,06/12/14 18:05:00,66,,0.000,-0.199,4.38
377,06/12/14 18:06:00,63,,0.000,-0.199,4.39
378,06/12/14 18:07:00,58,,0.000,-0.199,4.40
379,06/12/14 18:08:00,53,,0.000,-0.199,4.41
380,06/12/14 18:09:00,48,,0.000,-0.199,4.42
381,06/12/14 18:10:00,44,,0.000,-0.199,4.43
382,06/12/14 18:11:00,41,,0.000,-0.199,4.44
383,06/12/14 18:12:00,37,,0.000,-0.199,4.43
384,06/12/14 18:13:00,34,,0.000,-0.199,4.43
385,06/12/14 18:14:00,33,,0.000,-0.199,4.43
386,06/12/14 18:15:00,31,,0.000,-0.199,4.44
387,06/12/14 18:16:00,29,,0.000,-0.199,4.44
388,06/12/14 18:17:00,28,,0.000,-0.199,4.44
389,06/12/14 18:18:00,27,,0.000,-0.199,4.44
390,06/12/14 18:19:00,27,,0.000,-0.199,4.44
391,06/12/14 18:20:00,26,,0.000,-0.199,4.44
392,06/12/14 18:21:00,26,,0.000,-0.199,4.44
393,06/12/14 18:22:00,26,,0.000,-0.199,4.44
394,06/12/14 18:23:00,26,,0.000,-0.199,4.44
395,06/12/14 18:24:00,27,,0.000,-0.199,4.44
396,06/12/14 18:25:00,27,,0.000,-0.199,4.44
397,06/12/14 18:26:00,28,,0.000,-0.199,4.45
398,06/12/14 18:27:00,29,,0.000,-0.199,4.45
399,06/12/14 18:28:00,29,,0.000,-0.199,4.45
400,06/12/14 18:29:00,32,,0.000,-0.199,4.45
401,06/12/14 18:30:00,33,,0.000,-0.199,4.46
402,06/12/14 18:31:00,34,,0.000,-0.199,4.46
403,06/12/14 18:32:00,37,,0.000,-0.199,4.46
404,06/12/14 18:33:00,39,,0.000,-0.199,4.47
405,06/12/14 18:34:00,42,,0.000,-0.199,4.47
406,06/12/14 18:35:00,46,,0.000,-0.199,4.48
407,06/12/14 18:36:00,49,,0.000,-0.199,4.48
408,06/12/14 18:37:00,54,,0.000,-0.199,4.49
409,06/12/14 18:38:00,63,,0.000,-0.199,4.50
410,06/12/14 18:39:00,69,,0.000,-0.199,4.50
411,06/12/14 18:40:00,91,,0.000,-0.199,4.51
412,06/12/14 18:41:00,136,,0.000,-0.199,4.51
413,06/12/14 18:42:00,124,,0.000,-0.199,4.51
414,06/12/14 18:43:00,214,,0.000,-0.199,4.51
415,06/12/14 18:44:00,204,,0.000,-0.199,4.51
416,06/12/14 18:45:00,133,,0.000,-0.199,4.51
417,06/12/14 18:46:00,151,,0.000,-0.199,4.51
418,06/12/14 18:47:00,198,,0.000,-0.199,4.51
419,06/12/14 18:48:00,162,,0.000,-0.199,4.51
420,06/12/14 18:49:00,314,,0.000,-0.199,4.51
421,06/12/14 18:50:00,159,,0.000,-0.199,4.52
422,06/12/14 18:51:00,158,,0.000,-0.199,4.52
423,06/12/14 18:52:00,163,,0.000,-0.199,4.52
424,06/12/14 18:53:00,169,,0.000,-0.199,4.53
425,06/12/14 18:54:00,183,,0.000,-0.199,4.53
426,06/12/14 18:55:00,229,,0.000,-0.199,4.53
427,06/12/14 18:56:00,397,,0.000,-0.199,4.53
428,06/12/14 18:57:00,401,,0.000,-0.199,4.53
429,06/12/14 18:58:00,433,,0.000,-0.199,4.53
430,06/12/14 18:59:00,446,,0.000,-0.199,4.53
431,06/12/14 19:00:00,452,,0.000,-0.199,4.53
432,06/12/14 19:01:00,457,,0.000,-0.199,4.53
433,06/12/14 19:02:00,462,,0.000,-0.199,4.53
434,06/12/14 19:03:00,463,,0.000,-0.199,4.53
435,06/12/14 19:04:00,462,,0.000,-0.199,4.53
436,06/12/14 19:05:00,463,,0.000,-0.199,4.53
437,06/12/14 19:06:00,461,,0.000,-0.199,4.53
438,06/12/14 19:07:00,456,,0.000,-0.199,4.53
439,06/12/14 19:08:00,453,,0.000,-0.199,4.53
440,06/12/14 19:09:00,452,,0.000,-0.199,4.53
441,06/12/14 19:10:00,446,,0.000,-0.199,4.53
442,06/12/14 19:11:00,434,,0.000,-0.199,4.53
443,06/12/14 19:12:00,423,,0.000,-0.199,4.53
444,06/12/14 19:13:00,408,,0.000,-0.199,4.53
445,06/12/14 19:14:00,397,,0.000,-0.199,4.53
446,06/12/14 19:15:00,383,,0.000,-0.199,4.53
447,06/12/14 19:16:00,373,,0.000,-0.199,4.53
448,06/12/14 19:17:00,364,,0.000,-0.199,4.53
449,06/12/14 19:18:00,354,,0.000,-0.199,4.53
450,06/12/14 19:19:00,322,,0.000,-0.199,4.53
451,06/12/14 19:20:00,283,,0.000,-0.199,4.50
452,06/12/14 19:21:00,246,,0.000,-0.199,4.45
453,06/12/14 19:22:00,217,,0.000,-0.199,4.41
454,06/12/14 19:23:00,197,,0.000,-0.199,4.45
455,06/12/14 19:24:00,174,,0.000,-0.199,4.48
456,06/12/14 19:25:00,163,,0.000,-0.199,4.49
457,06/12/14 19:26:00,154,,0.000,-0.199,4.50
458,06/12/14 19:27:00,147,,0.000,-0.199,4.50
459,06/12/14 19:28:00,141,,0.000,-0.199,4.51
460,06/12/14 19:29:00,136,,0.000,-0.199,4.51
461,06/12/14 19:30:00,132,,0.000,-0.199,4.51
462,06/12/14 19:31:00,131,,0.000,-0.199,4.51
463,06/12/14 19:32:00,131,,0.000,-0.199,4.51
464,06/12/14 19:33:00,128,,0.000,-0.199,4.51
465,06/12/14 19:34:00,124,,0.000,-0.199,4.52
466,06/12/14 19:35:00,122,,0.000,-0.199,4.52
467,06/12/14 19:36:00,122,,0.000,-0.199,4.52
468,06/12/14 19:37:00,122,,0.000,-0.199,4.53
469,06/12/14 19:38:00,122,,0.000,-0.199,4.53
470,06/12/14 19:39:00,124,,0.000,-0.199,4.53
471,06/12/14 19:40:00,127,,0.000,-0.199,4.53
472,06/12/14 19:41:00,122,,0.000,-0.199,4.53
473,06/12/14 19:42:00,113,,0.000,-0.199,4.54
474,06/12/14 19:43:00,124,,0.000,-0.199,4.54
475,06/12/14 19:44:00,147,,0.000,-0.199,4.54
476,06/12/14 19:45:00,162,,0.000,-0.199,4.53
477,06/12/14 19:46:00,167,,0.000,-0.199,4.53
478,06/12/14 19:47:00,166,,0.000,-0.199,4.53
479,06/12/14 19:48:00,148,,0.000,-0.199,4.53
480,06/12/14 19:49:00,127,,0.000,-0.199,4.53
481,06/12/14 19:50:00,118,,0.000,-0.199,4.53
482,06/12/14 19:51:00,109,,0.000,-0.199,4.53
483,06/12/14 19:52:00,108,,0.000,-0.199,4.53
484,06/12/14 19:53:00,118,,0.000,-0.199,4.53
485,06/12/14 19:54:00,133,,0.000,-0.199,4.53
486,06/12/14 19:55:00,138,,0.000,-0.199,4.53
487,06/12/14 19:56:00,141,,0.000,-0.199,4.53
488,06/12/14 19:57:00,136,,0.000,-0.199,4.53
489,06/12/14 19:58:00,123,,0.000,-0.199,4.53
490,06/12/14 19:59:00,113,,0.000,-0.199,4.53
491,06/12/14 20:00:00,107,,0.000,-0.199,4.53
492,06/12/14 20:01:00,111,,0.000,-0.199,4.53
493,06/12/14 20:02:00,118,,0.000,-0.199,4.53
494,06/12/14 20:03:00,123,,0.000,-0.199,4.53
495,06/12/14 20:04:00,127,,0.000,-0.199,4.53
496,06/12/14 20:05:00,126,,0.000,-0.199,4.53
497,06/12/14 20:06:00,122,,0.000,-0.199,4.53
498,06/12/14 20:07:00,117,,0.000,-0.199,4.53
499,06/12/14 20:08:00,112,,0.000,-0.199,4.53
500,06/12/14 20:09:00,98,,0.000,-0.199,4.53
501,06/12/14 20:10:00,67,,0.000,-0.199,4.53
502,06/12/14 20:11:00,73,,0.000,-0.199,4.53
503,06/12/14 20:12:00,88,,0.000,-0.199,4.53
504,06/12/14 20:13:00,84,,0.000,-0.199,4.53
505,06/12/14 20:14:00,86,,0.000,-0.199,4.53
506,06/12/14 20:15:00,87,,0.000,-0.199,4.53
507,06/12/14 20:16:00,83,,0.000,-0.199,4.53
508,06/12/14 20:17:00,69,,0.000,-0.199,4.53
509,06/12/14 20:18:00,59,,0.000,-0.199,4.53
510,06/12/14 20:19:00,58,,0.000,-0.199,4.53
511,06/12/14 20:20:00,58,,0.000,-0.199,4.53
512,06/12/14 20:21:00,57,,0.000,-0.199,4.53
513,06/12/14 20:22:00,57,,0.000,-0.199,4.53
514,06/12/14 20:23:00,56,,0.000,-0.199,4.53
515,06/12/14 20:24:00,56,,0.000,-0.199,4.53
516,06/12/14 20:25:00,54,,0.000,-0.199,4.53
517,06/12/14 20:26:00,54,,0.000,-0.199,4.53
518,06/12/14 20:27:00,54,,0.000,-0.199,4.53
519,06/12/14 20:28:00,54,,0.000,-0.199,4.53
520,06/12/14 20:29:00,54,,0.000,-0.199,4.53
521,06/12/14 20:30:00,54,,0.000,-0.199,4.53
522,06/12/14 20:31:00,56,,0.000,-0.199,4.53
523,06/12/14 20:32:00,56,,0.000,-0.199,4.53
524,06/12/14 20:33:00,58,,0.000,-0.199,4.53
525,06/12/14 20:34:00,58,,0.000,-0.199,4.53
526,06/12/14 20:35:00,59,,0.000,-0.199,4.53
527,06/12/14 20:36:00,61,,0.000,-0.199,4.53
528,06/12/14 20:37:00,61,,0.000,-0.199,4.53
529,06/12/14 20:38:00,62,,0.000,-0.199,4.53
530,06/12/14 20:39:00,61,,0.000,-0.199,4.53
531,06/12/14 20:40:00,59,,0.000,-0.199,4.53
532,06/12/14 20:41:00,58,,0.000,-0.199,4.53
533,06/12/14 20:42:00,57,,0.000,-0.199,4.53
534,06/12/14 20:43:00,54,,0.000,-0.199,4.53
535,06/12/14 20:44:00,53,,0.000,-0.199,4.53
536,06/12/14 20:45:00,52,,0.000,-0.199,4.53
537,06/12/14 20:46:00,52,,0.000,-0.199,4.53
538,06/12/14 20:47:00,51,,0.000,-0.199,4.53
539,06/12/14 20:48:00,49,,0.000,-0.199,4.53
540,06/12/14 20:49:00,48,,0.000,-0.199,4.53
541,06/12/14 20:50:00,48,,0.000,-0.199,4.53
542,06/12/14 20:51:00,47,,0.000,-0.199,4.53
543,06/12/14 20:52:00,47,,0.000,-0.199,4.53
544,06/12/14 20:53:00,47,,0.000,-0.199,4.53
545,06/12/14 20:54:00,47,,0.000,-0.199,4.53
546,06/12/14 20:55:00,49,,0.000,-0.199,4.53
547,06/12/14 20:56:00,49,,0.000,-0.199,4.53
548,06/12/14 20:57:00,51,,0.000,-0.199,4.53
549,06/12/14 20:58:00,51,,0.000,-0.199,4.54
550,06/12/14 20:59:00,49,,0.000,-0.199,4.54
551,06/12/14 21:00:00,49,,0.000,-0.199,4.54
552,06/12/14 21:01:00,49,,0.000,-0.199,4.53
553,06/12/14 21:02:00,49,,0.000,-0.199,4.53
554,06/12/14 21:03:00,49,,0.000,-0.199,4.53
555,06/12/14 21:04:00,49,,0.000,-0.199,4.53
556,06/12/14 21:05:00,49,,0.000,-0.199,4.53
557,06/12/14 21:06:00,51,,0.000,-0.199,4.53
558,06/12/14 21:07:00,52,,0.000,-0.199,4.53
559,06/12/14 21:08:00,56,,0.000,-0.199,4.53
560,06/12/14 21:09:00,59,,0.000,-0.199,4.53
561,06/12/14 21:10:00,63,,0.000,-0.199,4.53
562,06/12/14 21:11:00,67,,0.000,-0.199,4.53
563,06/12/14 21:12:00,69,,0.000,-0.199,4.53
564,06/12/14 21:13:00,71,,0.000,-0.199,4.53
565,06/12/14 21:14:00,72,,0.000,-0.199,4.53
566,06/12/14 21:15:00,73,,0.000,-0.199,4.53
567,06/12/14 21:16:00,73,,0.000,-0.199,4.53
568,06/12/14 21:17:00,73,,0.000,-0.199,4.53
569,06/12/14 21:18:00,72,,0.000,-0.199,4.49
570,06/12/14 21:19:00,71,,0.000,-0.199,4.40
571,06/12/14 21:20:00,69,,0.000,-0.199,4.34
572,06/12/14 21:21:00,66,,0.000,-0.199,4.36
573,06/12/14 21:22:00,63,,0.000,-0.199,4.37
574,06/12/14 21:23:00,58,,0.000,-0.199,4.38
575,06/12/14 21:24:00,52,,0.000,-0.199,4.39
576,06/12/14 21:25:00,47,,0.000,-0.199,4.39
577,06/12/14 21:26:00,39,,0.000,-0.199,4.39
578,06/12/14 21:27:00,29,,0.000,-0.199,4.40
579,06/12/14 21:28:00,21,,0.000,-0.199,4.40
580,06/12/14 21:29:00,14,,0.000,-0.199,4.40
581,06/12/14 21:30:00,11,,0.000,-0.199,4.40
582,06/12/14 21:31:00,9,,0.000,-0.199,4.40
583,06/12/14 21:32:00,9,,0.000,-0.199,4.40
584,06/12/14 21:33:00,11,,0.000,-0.199,4.40
585,06/12/14 21:34:00,9,,0.000,-0.199,4.40
586,06/12/14 21:35:00,7,,0.000,-0.199,4.40
587,06/12/14 21:36:00,6,,0.000,-0.199,4.40
588,06/12/14 21:37:00,4,,0.000,-0.199,4.40
589,06/12/14 21:38:00,3,,0.000,-0.199,4.41
590,06/12/14 21:39:00,2,,0.000,-0.199,4.40
591,06/12/14 21:40:00,2,,0.000,-0.199,4.40
592,06/12/14 21:41:00,2,,0.000,-0.199,4.40
593,06/12/14 21:42:00,1,,0.000,-0.199,4.40
594,06/12/14 21:43:00,1,,0.000,-0.199,4.41
595,06/12/14 21:44:00,1,,0.000,-0.199,4.41
596,06/12/14 21:45:00,1,,0.000,-0.199,4.41
597,06/12/14 21:46:00,1,,0.000,-0.199,4.41
598,06/12/14 21:47:00,1,,0.000,-0.199,4.41
599,06/12/14 21:48:00,1,,0.000,-0.199,4.40
600,06/12/14 21:49:00,1,,0.000,-0.199,4.40
601,06/12/14 21:50:00,1,,0.000,-0.199,4.41
602,06/12/14 21:51:00,1,,0.000,-0.199,4.41
603,06/12/14 21:52:00,1,,0.000,-0.199,4.41
604,06/12/14 21:53:00,1,,0.000,-0.199,4.40
605,06/12/14 21:54:00,1,,0.000,-0.199,4.41
606,06/12/14 21:55:00,1,,0.000,-0.199,4.41
607,06/12/14 21:56:00,1,,0.000,-0.199,4.41
608,06/12/14 21:57:00,1,,0.000,-0.199,4.41
609,06/12/14 21:58:00,1,,0.000,-0.199,4.40
610,06/12/14 21:59:00,1,,0.000,-0.199,4.40
611,06/12/14 22:00:00,1,,0.000,-0.199,4.40
612,06/12/14 22:01:00,1,,0.000,-0.199,4.40
613,06/12/14 22:02:00,1,,0.000,-0.199,4.40
614,06/12/14 22:03:00,1,,0.000,-0.199,4.40
615,06/12/14 22:04:00,1,,0.000,-0.199,4.40
616,06/12/14 22:05:00,1,,0.000,-0.199,4.40
617,06/12/14 22:06:00,1,,0.000,-0.199,4.40
618,06/12/14 22:07:00,1,,0.000,-0.199,4.40
619,06/12/14 22:08:00,1,,0.000,-0.199,4.40
620,06/12/14 22:09:00,1,,0.000,-0.199,4.40
621,06/12/14 22:10:00,1,,0.000,-0.199,4.40
622,06/12/14 22:11:00,1,,0.000,-0.199,4.40
623,06/12/14 22:12:00,1,,0.000,-0.199,4.40
624,06/12/14 22:13:00,1,,0.000,-0.199,4.40
625,06/12/14 22:14:00,1,,0.000,-0.199,4.40
626,06/12/14 22:15:00,1,,0.000,-0.199,4.40
627,06/12/14 22:16:00,1,,0.000,-0.199,4.40
628,06/12/14 22:17:00,1,,0.000,-0.199,4.40
629,06/12/14 22:18:00,1,,0.000,-0.199,4.40
630,06/12/14 22:19:00,1,,0.000,-0.199,4.40
631,06/12/14 22:20:00,1,,0.000,-0.199,4.40
632,06/12/14 22:21:00,1,,0.000,-0.199,4.40
633,06/12/14 22:22:00,1,,0.000,-0.199,4.40
634,06/12/14 22:23:00,1,,0.000,-0.199,4.40
635,06/12/14 22:24:00,1,,0.000,-0.199,4.40
636,06/12/14 22:25:00,1,,0.000,-0.199,4.40
637,06/12/14 22:26:00,1,,0.000,-0.199,4.40
638,06/12/14 22:27:00,1,,0.000,-0.199,4.40
639,06/12/14 22:28:00,1,,0.000,-0.199,4.40
640,06/12/14 22:29:00,1,,0.000,-0.199,4.40
641,06/12/14 22:30:00,1,,0.000,-0.199,4.40
642,06/12/14 22:31:00,1,,0.000,-0.199,4.40
643,06/12/14 22:32:00,1,,0.000,-0.199,4.40
644,06/12/14 22:33:00,1,,0.000,-0.199,4.40
645,06/12/14 22:34:00,1,,0.000,-0.199,4.40
646,06/12/14 22:35:00,1,,0.000,-0.199,4.42
647,06/12/14 22:36:00,1,,0.000,-0.199,4.43
648,06/12/14 22:37:00,1,,0.000,-0.199,4.41
649,06/12/14 22:38:00,1,,0.000,-0.199,4.40
650,06/12/14 22:39:00,1,,0.000,-0.199,4.40
651,06/12/14 22:40:00,1,,0.000,-0.199,4.40
652,06/12/14 22:41:00,1,,0.000,-0.199,4.40
653,06/12/14 22:42:00,1,,0.000,-0.199,4.40
654,06/12/14 22:43:00,1,,0.000,-0.199,4.40
655,06/12/14 22:44:00,1,,0.000,-0.199,4.40
656,06/12/14 22:45:00,1,,0.000,-0.199,4.40
657,06/12/14 22:46:00,1,,0.000,-0.199,4.40
658,06/12/14 22:47:00,1,,0.000,-0.199,4.40
659,06/12/14 22:48:00,1,,0.000,-0.199,4.40
660,06/12/14 22:49:00,1,,0.000,-0.199,4.40
661,06/12/14 22:50:00,1,,0.000,-0.199,4.40
662,06/12/14 22:51:00,1,,0.000,-0.199,4.40
663,06/12/14 22:52:00,1,,0.000,-0.199,4.40
664,06/12/14 22:53:00,1,,0.000,-0.199,4.40
665,06/12/14 22:54:00,1,,0.000,-0.199,4.40
666,06/12/14 22:55:00,1,,0.000,-0.199,4.40
667,06/12/14 22:56:00,1,,0.000,-0.199,4.40
668,06/12/14 22:57:00,1,,0.000,-0.199,4.40
669,06/12/14 22:58:00,1,,0.000,-0.199,4.40
670,06/12/14 22:59:00,1,,0.000,-0.199,4.40
671,06/12/14 23:00:00,1,,0.000,-0.199,4.40
672,06/12/14 23:01:00,1,,0.000,-0.199,4.40
673,06/12/14 23:02:00,1,,0.000,-0.199,4.40
674,06/12/14 23:03:00,1,,0.000,-0.199,4.40
675,06/12/14 23:04:00,1,,0.000,-0.199,4.40
676,06/12/14 23:05:00,1,,0.000,-0.199,4.40
677,06/12/14 23:06:00,1,,0.000,-0.199,4.40
678,06/12/14 23:07:00,1,,0.000,-0.199,4.40
679,06/12/14 23:08:00,1,,0.000,-0.199,4.40
680,06/12/14 23:09:00,1,,0.000,-0.199,4.39
681,06/12/14 23:10:00,1,,0.000,-0.199,4.40
682,06/12/14 23:11:00,1,,0.000,-0.199,4.40
683,06/12/14 23:12:00,1,,0.000,-0.199,4.40
684,06/12/14 23:13:00,1,,0.000,-0.199,4.40
685,06/12/14 23:14:00,1,,0.000,-0.199,4.39
686,06/12/14 23:15:00,1,,0.000,-0.199,4.40
687,06/12/14 23:16:00,1,,0.000,-0.199,4.38
688,06/12/14 23:17:00,1,,0.000,-0.199,4.30
689,06/12/14 23:18:00,1,,0.000,-0.199,4.27
690,06/12/14 23:19:00,1,,0.000,-0.199,4.30
691,06/12/14 23:20:00,1,,0.000,-0.199,4.32
692,06/12/14 23:21:00,1,,0.000,-0.199,4.33
693,06/12/14 23:22:00,1,,0.000,-0.199,4.33
694,06/12/14 23:23:00,1,,0.000,-0.199,4.34
695,06/12/14 23:24:00,1,,0.000,-0.199,4.35
696,06/12/14 23:25:00,1,,0.000,-0.199,4.35
697,06/12/14 23:26:00,1,,0.000,-0.199,4.35
698,06/12/14 23:27:00,1,,0.000,-0.199,4.35
699,06/12/14 23:28:00,1,,0.000,-0.199,4.36
700,06/12/14 23:29:00,1,,0.000,-0.199,4.36
701,06/12/14 23:30:00,1,,0.000,-0.199,4.36
702,06/12/14 23:31:00,1,,0.000,-0.199,4.36
703,06/12/14 23:32:00,1,,0.000,-0.199,4.36
704,06/12/14 23:33:00,1,,0.000,-0.199,4.36
705,06/12/14 23:34:00,1,,0.000,-0.199,4.36
706,06/12/14 23:35:00,1,,0.000,-0.199,4.37
707,06/12/14 23:36:00,1,,0.000,-0.199,4.37
708,06/12/14 23:37:00,1,,0.000,-0.199,4.37
709,06/12/14 23:38:00,1,,0.000,-0.199,4.37
710,06/12/14 23:39:00,1,,0.000,-0.199,4.38
711,06/12/14 23:40:00,1,,0.000,-0.199,4.38
712,06/12/14 23:41:00,1,,0.000,-0.199,4.38
713,06/12/14 23:42:00,1,,0.000,-0.199,4.38
714,06/12/14 23:43:00,1,,0.000,-0.199,4.38
715,06/12/14 23:44:00,1,,0.000,-0.199,4.38
716,06/12/14 23:45:00,1,,0.000,-0.199,4.38
717,06/12/14 23:46:00,1,,0.000,-0.199,4.38
718,06/12/14 23:47:00,1,,0.000,-0.199,4.38
719,06/12/14 23:48:00,1,,0.000,-0.199,4.38
720,06/12/14 23:49:00,1,,0.000,-0.199,4.38
721,06/12/14 23:50:00,1,,0.000,-0.199,4.38
722,06/12/14 23:51:00,1,,0.000,-0.199,4.38
723,06/12/14 23:52:00,1,,0.000,-0.199,4.38
724,06/12/14 23:53:00,1,,0.000,-0.199,4.38
725,06/12/14 23:54:00,1,,0.000,-0.199,4.38
726,06/12/14 23:55:00,1,,0.000,-0.199,4.38
727,06/12/14 23:56:00,1,,0.000,-0.199,4.38
728,06/12/14 23:57:00,1,,0.000,-0.199,4.38
729,06/12/14 23:58:00,1,,0.000,-0.199,4.38
730,06/12/14 23:59:00,1,,0.000,-0.199,4.38
731,06/13/14 00:00:00,1,,0.000,-0.199,4.39
732,06/13/14 00:01:00,1,,0.000,-0.199,4.39
733,06/13/14 00:02:00,1,,0.000,-0.199,4.39
734,06/13/14 00:03:00,1,,0.000,-0.199,4.39
735,06/13/14 00:04:00,1,,0.000,-0.199,4.39
736,06/13/14 00:05:00,1,,0.000,-0.199,4.39
737,06/13/14 00:06:00,1,,0.000,-0.199,4.39
738,06/13/14 00:07:00,1,,0.000,-0.199,4.39
739,06/13/14 00:08:00,1,,0.000,-0.199,4.40
740,06/13/14 00:09:00,1,,0.000,-0.199,4.39
741,06/13/14 00:10:00,1,,0.000,-0.199,4.40
742,06/13/14 00:11:00,1,,0.000,-0.199,4.39
743,06/13/14 00:12:00,1,,0.000,-0.199,4.39
744,06/13/14 00:13:00,1,,0.000,-0.199,4.39
745,06/13/14 00:14:00,1,,0.000,-0.199,4.39
746,06/13/14 00:15:00,1,,0.000,-0.199,4.39
747,06/13/14 00:16:00,1,,0.000,-0.199,4.39
748,06/13/14 00:17:00,1,,0.000,-0.199,4.39
749,06/13/14 00:18:00,1,,0.000,-0.199,4.39
750,06/13/14 00:19:00,1,,0.000,-0.199,4.39
751,06/13/14 00:20:00,1,,0.000,-0.199,4.39
752,06/13/14 00:21:00,1,,0.000,-0.199,4.39
753,06/13/14 00:22:00,1,,0.000,-0.199,4.39
754,06/13/14 00:23:00,1,,0.000,-0.199,4.39
755,06/13/14 00:24:00,1,,0.000,-0.199,4.39
756,06/13/14 00:25:00,1,,0.000,-0.199,4.39
757,06/13/14 00:26:00,1,,0.000,-0.199,4.39
758,06/13/14 00:27:00,1,,0.000,-0.199,4.39
759,06/13/14 00:28:00,1,,0.000,-0.199,4.39
760,06/13/14 00:29:00,1,,0.000,-0.199,4.39
761,06/13/14 00:30:00,1,,0.000,-0.199,4.39
762,06/13/14 00:31:00,1,,0.000,-0.199,4.39
763,06/13/14 00:32:00,1,,0.000,-0.199,4.39
764,06/13/14 00:33:00,1,,0.000,-0.199,4.39
765,06/13/14 00:34:00,1,,0.000,-0.199,4.39
766,06/13/14 00:35:00,1,,0.000,-0.199,4.39
767,06/13/14 00:36:00,1,,0.000,-0.199,4.39
768,06/13/14 00:37:00,1,,0.000,-0.199,4.39
769,06/13/14 00:38:00,1,,0.000,-0.199,4.39
770,06/13/14 00:39:00,1,,0.000,-0.199,4.39
771,06/13/14 00:40:00,1,,0.000,-0.199,4.39
772,06/13/14 00:41:00,1,,0.000,-0.199,4.39
773,06/13/14 00:42:00,1,,0.000,-0.199,4.39
774,06/13/14 00:43:00,1,,0.000,-0.199,4.39
775,06/13/14 00:44:00,1,,0.000,-0.199,4.39
776,06/13/14 00:45:00,1,,0.000,-0.199,4.39
777,06/13/14 00:46:00,1,,0.000,-0.199,4.39
778,06/13/14 00:47:00,1,,0.000,-0.199,4.39
779,06/13/14 00:48:00,1,,0.000,-0.199,4.39
780,06/13/14 00:49:00,1,,0.000,-0.199,4.39
781,06/13/14 00:50:00,1,,0.000,-0.199,4.39
782,06/13/14 00:51:00,1,,0.000,-0.199,4.39
783,06/13/14 00:52:00,1,,0.000,-0.199,4.39
784,06/13/14 00:53:00,1,,0.000,-0.199,4.39
785,06/13/14 00:54:00,1,,0.000,-0.199,4.39
786,06/13/14 00:55:00,1,,0.000,-0.199,4.39
787,06/13/14 00:56:00,1,,0.000,-0.199,4.39
788,06/13/14 00:57:00,1,,0.000,-0.199,4.39
789,06/13/14 00:58:00,1,,0.000,-0.199,4.39
790,06/13/14 00:59:00,1,,0.000,-0.199,4.39
791,06/13/14 01:00:00,1,,0.000,-0.199,4.39
792,06/13/14 01:01:00,1,,0.000,-0.199,4.39
793,06/13/14 01:02:00,1,,0.000,-0.199,4.39
794,06/13/14 01:03:00,1,,0.000,-0.199,4.39
795,06/13/14 01:04:00,1,,0.000,-0.199,4.39
796,06/13/14 01:05:00,1,,0.000,-0.199,4.39
797,06/13/14 01:06:00,1,,0.000,-0.199,4.39
798,06/13/14 01:07:00,1,,0.000,-0.199,4.39
799,06/13/14 01:08:00,1,,0.000,-0.199,4.39
800,06/13/14 01:09:00,1,,0.000,-0.199,4.39
801,06/13/14 01:10:00,1,,0.000,-0.199,4.39
802,06/13/14 01:11:00,1,,0.000,-0.199,4.39
803,06/13/14 01:12:00,1,,0.000,-0.199,4.39
804,06/13/14 01:13:00,1,,0.000,-0.199,4.39
805,06/13/14 01:14:00,1,,0.000,-0.199,4.36
806,06/13/14 01:15:00,1,,0.000,-0.199,4.30
807,06/13/14 01:16:00,1,,0.000,-0.199,4.32
808,06/13/14 01:17:00,1,,0.000,-0.199,4.32
809,06/13/14 01:18:00,1,,0.000,-0.199,4.33
810,06/13/14 01:19:00,1,,0.000,-0.199,4.34
811,06/13/14 01:20:00,1,,0.000,-0.199,4.34
812,06/13/14 01:21:00,1,,0.000,-0.199,4.34
813,06/13/14 01:22:00,1,,0.000,-0.199,4.35
814,06/13/14 01:23:00,1,,0.000,-0.199,4.35
815,06/13/14 01:24:00,1,,0.000,-0.199,4.36
816,06/13/14 01:25:00,1,,0.000,-0.199,4.33
817,06/13/14 01:26:00,1,,0.000,-0.199,4.34
818,06/13/14 01:27:00,1,,0.000,-0.199,4.34
819,06/13/14 01:28:00,1,,0.000,-0.199,4.34
820,06/13/14 01:29:00,1,,0.000,-0.199,4.35
821,06/13/14 01:30:00,1,,0.000,-0.199,4.35
822,06/13/14 01:31:00,1,,0.000,-0.199,4.35
823,06/13/14 01:32:00,1,,0.000,-0.199,4.35
824,06/13/14 01:33:00,1,,0.000,-0.199,4.35
825,06/13/14 01:34:00,1,,0.000,-0.199,4.36
826,06/13/14 01:35:00,1,,0.000,-0.199,4.35
827,06/13/14 01:36:00,1,,0.000,-0.199,4.34
828,06/13/14 01:37:00,1,,0.000,-0.199,4.34
829,06/13/14 01:38:00,1,,0.000,-0.199,4.35
830,06/13/14 01:39:00,1,,0.000,-0.199,4.35
831,06/13/14 01:40:00,1,,0.000,-0.199,4.35
832,06/13/14 01:41:00,1,,0.000,-0.199,4.35
833,06/13/14 01:42:00,1,,0.000,-0.199,4.35
834,06/13/14 01:43:00,1,,0.000,-0.199,4.36
835,06/13/14 01:44:00,1,,0.000,-0.199,4.36
836,06/13/14 01:45:00,1,,0.000,-0.199,4.35
837,06/13/14 01:46:00,1,,0.000,-0.199,4.33
838,06/13/14 01:47:00,1,,0.000,-0.199,4.34
839,06/13/14 01:48:00,1,,0.000,-0.199,4.34
840,06/13/14 01:49:00,1,,0.000,-0.199,4.34
841,06/13/14 01:50:00,1,,0.000,-0.199,4.35
842,06/13/14 01:51:00,1,,0.000,-0.199,4.35
843,06/13/14 01:52:00,1,,0.000,-0.199,4.37
844,06/13/14 01:53:00,1,,0.000,-0.199,4.37
845,06/13/14 01:54:00,1,,0.000,-0.199,4.38
846,06/13/14 01:55:00,1,,0.000,-0.199,4.35
847,06/13/14 01:56:00,1,,0.000,-0.199,4.36
848,06/13/14 01:57:00,1,,0.000,-0.199,4.34
849,06/13/14 01:58:00,1,,0.000,-0.199,4.36
850,06/13/14 01:59:00,1,,0.000,-0.199,4.35
851,06/13/14 02:00:00,1,,0.000,-0.199,4.35
852,06/13/14 02:01:00,1,,0.000,-0.199,4.35
853,06/13/14 02:02:00,1,,0.000,-0.199,4.35
854,06/13/14 02:03:00,1,,0.000,-0.199,4.35
855,06/13/14 02:04:00,1,,0.000,-0.199,4.35
856,06/13/14 02:05:00,1,,0.000,-0.199,4.35
857,06/13/14 02:06:00,1,,0.000,-0.199,4.34
858,06/13/14 02:07:00,1,,0.000,-0.199,4.34
859,06/13/14 02:08:00,1,,0.000,-0.199,4.34
860,06/13/14 02:09:00,1,,0.000,-0.199,4.35
861,06/13/14 02:10:00,1,,0.000,-0.199,4.35
862,06/13/14 02:11:00,1,,0.000,-0.199,4.35
863,06/13/14 02:12:00,1,,0.000,-0.199,4.35
864,06/13/14 02:13:00,1,,0.000,-0.199,4.35
865,06/13/14 02:14:00,1,,0.000,-0.199,4.35
866,06/13/14 02:15:00,1,,0.000,-0.199,4.35
867,06/13/14 02:16:00,1,,0.000,-0.199,4.34
868,06/13/14 02:17:00,1,,0.000,-0.199,4.34
869,06/13/14 02:18:00,1,,0.000,-0.199,4.34
870,06/13/14 02:19:00,1,,0.000,-0.199,4.35
871,06/13/14 02:20:00,1,,0.000,-0.199,4.35
872,06/13/14 02:21:00,1,,0.000,-0.199,4.35
873,06/13/14 02:22:00,1,,0.000,-0.199,4.35
874,06/13/14 02:23:00,1,,0.000,-0.199,4.35
875,06/13/14 02:24:00,1,,0.000,-0.199,4.35
876,06/13/14 02:25:00,1,,0.000,-0.199,4.35
877,06/13/14 02:26:00,1,,0.000,-0.199,4.33
878,06/13/14 02:27:00,1,,0.000,-0.199,4.34
879,06/13/14 02:28:00,1,,0.000,-0.199,4.34
880,06/13/14 02:29:00,1,,0.000,-0.199,4.34
881,06/13/14 02:30:00,1,,0.000,-0.199,4.35
882,06/13/14 02:31:00,1,,0.000,-0.199,4.35
883,06/13/14 02:32:00,1,,0.000,-0.199,4.35
884,06/13/14 02:33:00,1,,0.000,-0.199,4.35
885,06/13/14 02:34:00,1,,0.000,-0.199,4.35
886,06/13/14 02:35:00,1,,0.000,-0.199,4.35
887,06/13/14 02:36:00,1,,0.000,-0.199,4.33
888,06/13/14 02:37:00,1,,0.000,-0.199,4.34
889,06/13/14 02:38:00,1,,0.000,-0.199,4.34
890,06/13/14 02:39:00,1,,0.000,-0.199,4.34
891,06/13/14 02:40:00,1,,0.000,-0.199,4.34
892,06/13/14 02:41:00,1,,0.000,-0.199,4.35
893,06/13/14 02:42:00,1,,0.000,-0.199,4.35
894,06/13/14 02:43:00,1,,0.000,-0.199,4.35
895,06/13/14 02:44:00,1,,0.000,-0.199,4.35
896,06/13/14 02:45:00,1,,0.000,-0.199,4.35
897,06/13/14 02:46:00,1,,0.000,-0.199,4.25
898,06/13/14 02:47:00,1,,0.000,-0.199,4.33
899,06/13/14 02:48:00,1,,0.000,-0.199,4.34
900,06/13/14 02:49:00,1,,0.000,-0.199,4.34
901,06/13/14 02:50:00,1,,0.000,-0.199,4.34
902,06/13/14 02:51:00,1,,0.000,-0.199,4.34
903,06/13/14 02:52:00,1,,0.000,-0.199,4.35
904,06/13/14 02:53:00,1,,0.000,-0.199,4.35
905,06/13/14 02:54:00,1,,0.000,-0.199,4.35
906,06/13/14 02:55:00,1,,0.000,-0.199,4.35
907,06/13/14 02:56:00,1,,0.000,-0.199,4.35
908,06/13/14 02:57:00,1,,0.000,-0.199,4.33
909,06/13/14 02:58:00,1,,0.000,-0.199,4.33
910,06/13/14 02:59:00,1,,0.000,-0.199,4.34
911,06/13/14 03:00:00,1,,0.000,-0.199,4.34
912,06/13/14 03:01:00,1,,0.000,-0.199,4.34
913,06/13/14 03:02:00,1,,0.000,-0.199,4.34
914,06/13/14 03:03:00,1,,0.000,-0.199,4.34
915,06/13/14 03:04:00,1,,0.000,-0.199,4.35
916,06/13/14 03:05:00,1,,0.000,-0.199,4.35
917,06/13/14 03:06:00,1,,0.000,-0.199,4.35
918,06/13/14 03:07:00,1,,0.000,-0.199,4.32
919,06/13/14 03:08:00,1,,0.000,-0.199,4.33
920,06/13/14 03:09:00,1,,0.000,-0.199,4.33
921,06/13/14 03:10:00,1,,0.000,-0.199,4.34
922,06/13/14 03:11:00,1,,0.000,-0.199,4.34
923,06/13/14 03:12:00,1,,0.000,-0.199,4.34
924,06/13/14 03:13:00,1,,0.000,-0.199,4.34
925,06/13/14 03:14:00,1,,0.000,-0.199,4.34
926,06/13/14 03:15:00,1,,0.000,-0.199,4.35
927,06/13/14 03:16:00,1,,0.000,-0.199,4.35
928,06/13/14 03:17:00,1,,0.000,-0.199,4.34
929,06/13/14 03:18:00,1,,0.000,-0.199,4.33
930,06/13/14 03:19:00,1,,0.000,-0.199,4.33
931,06/13/14 03:20:00,1,,0.000,-0.199,4.33
932,06/13/14 03:21:00,1,,0.000,-0.199,4.34
933,06/13/14 03:22:00,1,,0.000,-0.199,4.34
934,06/13/14 03:23:00,1,,0.000,-0.199,4.34
935,06/13/14 03:24:00,1,,0.000,-0.199,4.34
936,06/13/14 03:25:00,1,,0.000,-0.199,4.34
937,06/13/14 03:26:00,1,,0.000,-0.199,4.34
938,06/13/14 03:27:00,1,,0.000,-0.199,4.35
939,06/13/14 03:28:00,1,,0.000,-0.199,4.32
940,06/13/14 03:29:00,1,,0.000,-0.199,4.33
941,06/13/14 03:30:00,1,,0.000,-0.199,4.33
942,06/13/14 03:31:00,1,,0.000,-0.199,4.33
943,06/13/14 03:32:00,1,,0.000,-0.199,4.34
944,06/13/14 03:33:00,1,,0.000,-0.199,4.34
945,06/13/14 03:34:00,1,,0.000,-0.199,4.34
946,06/13/14 03:35:00,1,,0.000,-0.199,4.34
947,06/13/14 03:36:00,1,,0.000,-0.199,4.34
948,06/13/14 03:37:00,1,,0.000,-0.199,4.34
949,06/13/14 03:38:00,1,,0.000,-0.199,4.25
950,06/13/14 03:39:00,1,,0.000,-0.199,4.32
951,06/13/14 03:40:00,1,,0.000,-0.199,4.33
952,06/13/14 03:41:00,1,,0.000,-0.199,4.33
953,06/13/14 03:42:00,1,,0.000,-0.199,4.33
954,06/13/14 03:43:00,1,,0.000,-0.199,4.34
955,06/13/14 03:44:00,1,,0.000,-0.199,4.34
956,06/13/14 03:45:00,1,,0.000,-0.199,4.34
957,06/13/14 03:46:00,1,,0.000,-0.199,4.34
958,06/13/14 03:47:00,1,,0.000,-0.199,4.34
959,06/13/14 03:48:00,1,,0.000,-0.199,4.35
960,06/13/14 03:49:00,1,,0.000,-0.199,4.32
961,06/13/14 03:50:00,1,,0.000,-0.199,4.33
962,06/13/14 03:51:00,1,,0.000,-0.199,4.33
963,06/13/14 03:52:00,1,,0.000,-0.199,4.35
964,06/13/14 03:53:00,1,,0.000,-0.199,4.34
965,06/13/14 03:54:00,1,,0.000,-0.199,4.34
966,06/13/14 03:55:00,1,,0.000,-0.199,4.34
967,06/13/14 03:56:00,1,,0.000,-0.199,4.34
968,06/13/14 03:57:00,1,,0.000,-0.199,4.34
969,06/13/14 03:58:00,1,,0.000,-0.199,4.34
970,06/13/14 03:59:00,1,,0.000,-0.199,4.34
971,06/13/14 04:00:00,1,,0.000,-0.199,4.32
972,06/13/14 04:01:00,1,,0.000,-0.199,4.33
973,06/13/14 04:02:00,1,,0.000,-0.199,4.33
974,06/13/14 04:03:00,1,,0.000,-0.199,4.33
975,06/13/14 04:04:00,1,,0.000,-0.199,4.34
976,06/13/14 04:05:00,1,,0.000,-0.199,4.34
977,06/13/14 04:06:00,1,,0.000,-0.199,4.34
978,06/13/14 04:07:00,1,,0.000,-0.199,4.34
979,06/13/14 04:08:00,1,,0.000,-0.199,4.34
980,06/13/14 04:09:00,1,,0.000,-0.199,4.34
981,06/13/14 04:10:00,1,,0.000,-0.199,4.32
982,06/13/14 04:11:00,1,,0.000,-0.199,4.32
983,06/13/14 04:12:00,1,,0.000,-0.199,4.33
984,06/13/14 04:13:00,1,,0.000,-0.199,4.33
985,06/13/14 04:14:00,1,,0.000,-0.199,4.33
986,06/13/14 04:15:00,1,,0.000,-0.199,4.33
987,06/13/14 04:16:00,1,,0.000,-0.199,4.34
988,06/13/14 04:17:00,1,,0.000,-0.199,4.34
989,06/13/14 04:18:00,1,,0.000,-0.199,4.34
990,06/13/14 04:19:00,1,,0.000,-0.199,4.34
991,06/13/14 04:20:00,1,,0.000,-0.199,4.25
992,06/13/14 04:21:00,1,,0.000,-0.199,4.32
993,06/13/14 04:22:00,1,,0.000,-0.199,4.32
994,06/13/14 04:23:00,1,,0.000,-0.199,4.33
995,06/13/14 04:24:00,1,,0.000,-0.199,4.33
996,06/13/14 04:25:00,1,,0.000,-0.199,4.33
997,06/13/14 04:26:00,1,,0.000,-0.199,4.33
998,06/13/14 04:27:00,1,,0.000,-0.199,4.34
999,06/13/14 04:28:00,1,,0.000,-0.199,4.34
1000,06/13/14 04:29:00,1,,0.000,-0.199,4.34
1001,06/13/14 04:30:00,1,,0.000,-0.199,4.34
1002,06/13/14 04:31:00,1,,0.000,-0.199,4.33
1003,06/13/14 04:32:00,1,,0.000,-0.199,4.32
1004,06/13/14 04:33:00,1,,0.000,-0.199,4.32
1005,06/13/14 04:34:00,1,,0.000,-0.199,4.33
1006,06/13/14 04:35:00,1,,0.000,-0.199,4.33
1007,06/13/14 04:36:00,1,,0.000,-0.199,4.33
1008,06/13/14 04:37:00,1,,0.000,-0.199,4.33
1009,06/13/14 04:38:00,1,,0.000,-0.199,4.34
1010,06/13/14 04:39:00,1,,0.000,-0.199,4.34
1011,06/13/14 04:40:00,1,,0.000,-0.199,4.34
1012,06/13/14 04:41:00,1,,0.000,-0.199,4.34
1013,06/13/14 04:42:00,1,,0.000,-0.199,4.31
1014,06/13/14 04:43:00,1,,0.000,-0.199,4.32
1015,06/13/14 04:44:00,1,,0.000,-0.199,4.32
1016,06/13/14 04:45:00,1,,0.000,-0.199,4.33
1017,06/13/14 04:46:00,1,,0.000,-0.199,4.33
1018,06/13/14 04:47:00,1,,0.000,-0.199,4.33
1019,06/13/14 04:48:00,1,,0.000,-0.199,4.33
1020,06/13/14 04:49:00,1,,0.000,-0.199,4.34
1021,06/13/14 04:50:00,1,,0.000,-0.199,4.34
1022,06/13/14 04:51:00,1,,0.000,-0.199,4.34
1023,06/13/14 04:52:00,1,,0.000,-0.199,4.25
1024,06/13/14 04:53:00,1,,0.000,-0.199,4.30
1025,06/13/14 04:54:00,1,,0.000,-0.199,4.32
1026,06/13/14 04:55:00,1,,0.000,-0.199,4.32
1027,06/13/14 04:56:00,1,,0.000,-0.199,4.32
1028,06/13/14 04:57:00,1,,0.000,-0.199,4.32
1029,06/13/14 04:58:00,1,,0.000,-0.199,4.33
1030,06/13/14 04:59:00,1,,0.000,-0.199,4.33
1031,06/13/14 05:00:00,1,,0.000,-0.199,4.33
1032,06/13/14 05:01:00,1,,0.000,-0.199,4.33
1033,06/13/14 05:02:00,1,,0.000,-0.199,4.34
1034,06/13/14 05:03:00,1,,0.000,-0.199,4.33
1035,06/13/14 05:04:00,1,,0.000,-0.199,4.32
1036,06/13/14 05:05:00,1,,0.000,-0.199,4.32
1037,06/13/14 05:06:00,1,,0.000,-0.199,4.32
1038,06/13/14 05:07:00,1,,0.000,-0.199,4.33
1039,06/13/14 05:08:00,1,,0.000,-0.199,4.33
1040,06/13/14 05:09:00,1,,0.000,-0.199,4.33
1041,06/13/14 05:10:00,1,,0.000,-0.199,4.33
1042,06/13/14 05:11:00,1,,0.000,-0.199,4.33
1043,06/13/14 05:12:00,1,,0.000,-0.199,4.34
1044,06/13/14 05:13:00,1,,0.000,-0.199,4.34
1045,06/13/14 05:14:00,1,,0.000,-0.199,4.25
1046,06/13/14 05:15:00,1,,0.000,-0.199,4.32
1047,06/13/14 05:16:00,1,,0.000,-0.199,4.32
1048,06/13/14 05:17:00,1,,0.000,-0.199,4.32
1049,06/13/14 05:18:00,1,,0.000,-0.199,4.33
1050,06/13/14 05:19:00,1,,0.000,-0.199,4.33
1051,06/13/14 05:20:00,1,,0.000,-0.199,4.33
1052,06/13/14 05:21:00,1,,0.000,-0.199,4.33
1053,06/13/14 05:22:00,2,,0.000,-0.199,4.33
1054,06/13/14 05:23:00,2,,0.000,-0.199,4.34
1055,06/13/14 05:24:00,2,,0.000,-0.199,4.25
1056,06/13/14 05:25:00,2,,0.000,-0.199,4.30
1057,06/13/14 05:26:00,2,,0.000,-0.199,4.32
1058,06/13/14 05:27:00,2,,0.000,-0.199,4.32
1059,06/13/14 05:28:00,2,,0.000,-0.199,4.32
1060,06/13/14 05:29:00,3,,0.000,-0.199,4.33
1061,06/13/14 05:30:00,3,,0.000,-0.199,4.33
1062,06/13/14 05:31:00,3,,0.000,-0.199,4.33
1063,06/13/14 05:32:00,3,,0.000,-0.199,4.33
1064,06/13/14 05:33:00,4,,0.000,-0.199,4.33
1065,06/13/14 05:34:00,4,,0.000,-0.199,4.34
1066,06/13/14 05:35:00,4,,0.000,-0.199,4.34
1067,06/13/14 05:36:00,4,,0.000,-0.199,4.31
1068,06/13/14 05:37:00,6,,0.000,-0.199,4.32
1069,06/13/14 05:38:00,6,,0.000,-0.199,4.32
1070,06/13/14 05:39:00,6,,0.000,-0.199,4.32
1071,06/13/14 05:40:00,6,,0.000,-0.199,4.33
1072,06/13/14 05:41:00,7,,0.000,-0.199,4.33
1073,06/13/14 05:42:00,8,,0.000,-0.199,4.33
1074,06/13/14 05:43:00,8,,0.000,-0.199,4.33
1075,06/13/14 05:44:00,9,,0.000,-0.199,4.33
1076,06/13/14 05:45:00,9,,0.000,-0.199,4.34
1077,06/13/14 05:46:00,11,,0.000,-0.199,4.35
1078,06/13/14 05:47:00,12,,0.000,-0.199,4.32
1079,06/13/14 05:48:00,12,,0.000,-0.199,4.33
1080,06/13/14 05:49:00,12,,0.000,-0.199,4.34
1081,06/13/14 05:50:00,13,,0.000,-0.199,4.33
1082,06/13/14 05:51:00,13,,0.000,-0.199,4.33
1083,06/13/14 05:52:00,14,,0.000,-0.199,4.33
1084,06/13/14 05:53:00,16,,0.000,-0.199,4.34
1085,06/13/14 05:54:00,16,,0.000,-0.199,4.34
1086,06/13/14 05:55:00,17,,0.000,-0.199,4.34
1087,06/13/14 05:56:00,17,,0.000,-0.199,4.34
1088,06/13/14 05:57:00,18,,0.000,-0.199,4.34
1089,06/13/14 05:58:00,18,,0.000,-0.199,4.32
1090,06/13/14 05:59:00,19,,0.000,-0.199,4.32
1091,06/13/14 06:00:00,21,,0.000,-0.199,4.33
1092,06/13/14 06:01:00,21,,0.000,-0.199,4.33
1093,06/13/14 06:02:00,22,,0.000,-0.199,4.34
1094,06/13/14 06:03:00,22,,0.000,-0.199,4.34
1095,06/13/14 06:04:00,23,,0.000,-0.199,4.34
1096,06/13/14 06:05:00,23,,0.000,-0.199,4.34
1097,06/13/14 06:06:00,24,,0.000,-0.199,4.34
1098,06/13/14 06:07:00,24,,0.000,-0.199,4.35
1099,06/13/14 06:08:00,26,,0.000,-0.199,4.35
1100,06/13/14 06:09:00,27,,0.000,-0.199,4.32
1101,06/13/14 06:10:00,28,,0.000,-0.199,4.33
1102,06/13/14 06:11:00,29,,0.000,-0.199,4.34
1103,06/13/14 06:12:00,29,,0.000,-0.199,4.34
1104,06/13/14 06:13:00,31,,0.000,-0.199,4.34
1105,06/13/14 06:14:00,31,,0.000,-0.199,4.35
1106,06/13/14 06:15:00,32,,0.000,-0.199,4.35
1107,06/13/14 06:16:00,32,,0.000,-0.199,4.35
1108,06/13/14 06:17:00,32,,0.000,-0.199,4.35
1109,06/13/14 06:18:00,33,,0.000,-0.199,4.36
1110,06/13/14 06:19:00,33,,0.000,-0.199,4.36
1111,06/13/14 06:20:00,34,,0.000,-0.199,4.33
1112,06/13/14 06:21:00,34,,0.000,-0.199,4.34
1113,06/13/14 06:22:00,34,,0.000,-0.199,4.34
1114,06/13/14 06:23:00,36,,0.000,-0.199,4.35
1115,06/13/14 06:24:00,37,,0.000,-0.199,4.35
1116,06/13/14 06:25:00,37,,0.000,-0.199,4.35
1117,06/13/14 06:26:00,38,,0.000,-0.199,4.36
1118,06/13/14 06:27:00,38,,0.000,-0.199,4.36
1119,06/13/14 06:28:00,39,,0.000,-0.199,4.36
1120,06/13/14 06:29:00,41,,0.000,-0.199,4.37
1121,06/13/14 06:30:00,42,,0.000,-0.199,4.34
1122,06/13/14 06:31:00,54,,0.000,-0.199,4.35
1123,06/13/14 06:32:00,67,,0.000,-0.199,4.35
1124,06/13/14 06:33:00,73,,0.000,-0.199,4.36
1125,06/13/14 06:34:00,76,,0.000,-0.199,4.36
1126,06/13/14 06:35:00,78,,0.000,-0.199,4.36
1127,06/13/14 06:36:00,79,,0.000,-0.199,4.37
1128,06/13/14 06:37:00,81,,0.000,-0.199,4.38
1129,06/13/14 06:38:00,82,,0.000,-0.199,4.38
1130,06/13/14 06:39:00,84,,0.000,-0.199,4.39
1131,06/13/14 06:40:00,87,,0.000,-0.199,4.35
1132,06/13/14 06:41:00,91,,0.000,-0.199,4.36
1133,06/13/14 06:42:00,91,,0.000,-0.199,4.37
1134,06/13/14 06:43:00,92,,0.000,-0.199,4.38
1135,06/13/14 06:44:00,92,,0.000,-0.199,4.38
1136,06/13/14 06:45:00,94,,0.000,-0.199,4.39
1137,06/13/14 06:46:00,98,,0.000,-0.199,4.39
1138,06/13/14 06:47:00,99,,0.000,-0.199,4.39
1139,06/13/14 06:48:00,101,,0.000,-0.199,4.40
1140,06/13/14 06:49:00,103,,0.000,-0.199,4.40
1141,06/13/14 06:50:00,106,,0.000,-0.199,4.37
1142,06/13/14 06:51:00,107,,0.000,-0.199,4.39
1143,06/13/14 06:52:00,107,,0.000,-0.199,4.39
1144,06/13/14 06:53:00,112,,0.000,-0.199,4.40
1145,06/13/14 06:54:00,101,,0.000,-0.199,4.40
1146,06/13/14 06:55:00,122,,0.000,-0.199,4.41
1147,06/13/14 06:56:00,124,,0.000,-0.199,4.42
1148,06/13/14 06:57:00,129,,0.000,-0.199,4.42
1149,06/13/14 06:58:00,127,,0.000,-0.199,4.43
1150,06/13/14 06:59:00,126,,0.000,-0.199,4.44
1151,06/13/14 07:00:00,123,,0.000,-0.199,4.40
1152,06/13/14 07:01:00,124,,0.000,-0.199,4.42
1153,06/13/14 07:02:00,129,,0.000,-0.199,4.42
1154,06/13/14 07:03:00,132,,0.000,-0.199,4.43
1155,06/13/14 07:04:00,117,,0.000,-0.199,4.44
1156,06/13/14 07:05:00,132,,0.000,-0.199,4.44
1157,06/13/14 07:06:00,137,,0.000,-0.199,4.45
1158,06/13/14 07:07:00,138,,0.000,-0.199,4.45
1159,06/13/14 07:08:00,133,,0.000,-0.199,4.46
1160,06/13/14 07:09:00,144,,0.000,-0.199,4.46
1161,06/13/14 07:10:00,144,,0.000,-0.199,4.43
1162,06/13/14 07:11:00,147,,0.000,-0.199,4.44
1163,06/13/14 07:12:00,151,,0.000,-0.199,4.45
1164,06/13/14 07:13:00,149,,0.000,-0.199,4.46
1165,06/13/14 07:14:00,157,,0.000,-0.199,4.46
1166,06/13/14 07:15:00,157,,0.000,-0.199,4.47
1167,06/13/14 07:16:00,159,,0.000,-0.199,4.48
1168,06/13/14 07:17:00,163,,0.000,-0.199,4.48
1169,06/13/14 07:18:00,162,,0.000,-0.199,4.48
1170,06/13/14 07:19:00,166,,0.000,-0.199,4.49
1171,06/13/14 07:20:00,172,,0.000,-0.199,4.44
1172,06/13/14 07:21:00,174,,0.000,-0.199,4.47
1173,06/13/14 07:22:00,174,,0.000,-0.199,4.48
1174,06/13/14 07:23:00,174,,0.000,-0.199,4.48
1175,06/13/14 07:24:00,177,,0.000,-0.199,4.49
1176,06/13/14 07:25:00,181,,0.000,-0.199,4.50
1177,06/13/14 07:26:00,186,,0.000,-0.199,4.50
1178,06/13/14 07:27:00,188,,0.000,-0.199,4.50
1179,06/13/14 07:28:00,191,,0.000,-0.199,4.51
1180,06/13/14 07:29:00,192,,0.000,-0.199,4.51
1181,06/13/14 07:30:00,194,,0.000,-0.199,4.44
1182,06/13/14 07:31:00,197,,0.000,-0.199,4.48
1183,06/13/14 07:32:00,197,,0.000,-0.199,4.50
1184,06/13/14 07:33:00,199,,0.000,-0.199,4.50
1185,06/13/14 07:34:00,202,,0.000,-0.199,4.51
1186,06/13/14 07:35:00,206,,0.000,-0.199,4.51
1187,06/13/14 07:36:00,209,,0.000,-0.199,4.51
1188,06/13/14 07:37:00,213,,0.000,-0.199,4.51
1189,06/13/14 07:38:00,213,,0.000,-0.199,4.51
1190,06/13/14 07:39:00,212,,0.000,-0.199,4.51
1191,06/13/14 07:40:00,216,,0.000,-0.199,4.44
1192,06/13/14 07:41:00,218,,0.000,-0.199,4.48
1193,06/13/14 07:42:00,219,,0.000,-0.199,4.49
1194,06/13/14 07:43:00,221,,0.000,-0.199,4.50
1195,06/13/14 07:44:00,223,,0.000,-0.199,4.51
1196,06/13/14 07:45:00,227,,0.000,-0.199,4.51
1197,06/13/14 07:46:00,231,,0.000,-0.199,4.51
1198,06/13/14 07:47:00,233,,0.000,-0.199,4.51
1199,06/13/14 07:48:00,237,,0.000,-0.199,4.51
1200,06/13/14 07:49:00,238,,0.000,-0.199,4.51
1201,06/13/14 07:50:00,242,,0.000,-0.199,4.44
1202,06/13/14 07:51:00,243,,0.000,-0.199,4.48
1203,06/13/14 07:52:00,244,,0.000,-0.199,4.50
1204,06/13/14 07:53:00,246,,0.000,-0.199,4.50
1205,06/13/14 07:54:00,248,,0.000,-0.199,4.51
1206,06/13/14 07:55:00,249,,0.000,-0.199,4.51
1207,06/13/14 07:56:00,252,,0.000,-0.199,4.54
1208,06/13/14 07:57:00,251,,0.000,-0.199,4.53
1209,06/13/14 07:58:00,252,,0.000,-0.199,4.51
1210,06/13/14 07:59:00,257,,0.000,-0.199,4.51
1211,06/13/14 08:00:00,259,,0.000,-0.199,4.51
1212,06/13/14 08:01:00,266,,0.000,-0.199,4.51
1213,06/13/14 08:02:00,267,,0.000,-0.199,4.50
1214,06/13/14 08:03:00,268,,0.000,-0.199,4.50
1215,06/13/14 08:04:00,267,,0.000,-0.199,4.51
1216,06/13/14 08:05:00,269,,0.000,-0.199,4.51
1217,06/13/14 08:06:00,269,,0.000,-0.199,4.51
1218,06/13/14 08:07:00,272,,0.000,-0.199,4.51
1219,06/13/14 08:08:00,263,,0.000,-0.199,4.51
1220,06/13/14 08:09:00,274,,0.000,-0.199,4.51
1221,06/13/14 08:10:00,284,,0.000,-0.199,4.51
1222,06/13/14 08:11:00,289,,0.000,-0.199,4.51
1223,06/13/14 08:12:00,293,,0.000,-0.199,4.49
1224,06/13/14 08:13:00,297,,0.000,-0.199,4.50
1225,06/13/14 08:14:00,296,,0.000,-0.199,4.51
1226,06/13/14 08:15:00,302,,0.000,-0.199,4.51
1227,06/13/14 08:16:00,304,,0.000,-0.199,4.51
1228,06/13/14 08:17:00,307,,0.000,-0.199,4.51
1229,06/13/14 08:18:00,308,,0.000,-0.199,4.51
1230,06/13/14 08:19:00,309,,0.000,-0.199,4.51
1231,06/13/14 08:20:00,311,,0.000,-0.199,4.51
1232,06/13/14 08:21:00,311,,0.000,-0.199,4.51
1233,06/13/14 08:22:00,317,,0.000,-0.199,4.44
1234,06/13/14 08:23:00,322,,0.000,-0.199,4.50
1235,06/13/14 08:24:00,326,,0.000,-0.199,4.51
1236,06/13/14 08:25:00,329,,0.000,-0.199,4.51
1237,06/13/14 08:26:00,333,,0.000,-0.199,4.51
1238,06/13/14 08:27:00,334,,0.000,-0.199,4.51
1239,06/13/14 08:28:00,337,,0.000,-0.199,4.51
1240,06/13/14 08:29:00,338,,0.000,-0.199,4.51
1241,06/13/14 08:30:00,339,,0.000,-0.199,4.51
1242,06/13/14 08:31:00,342,,0.000,-0.199,4.51
1243,06/13/14 08:32:00,343,,0.000,-0.199,4.44
